,ICO,Total_Posts,Num_Comments,Total_Score,ICO_Updated
0,100tokens,3,1,3,100tokens
1,2100news,16,0,26,2100news
2,A2BTaxiToken,9,7,55,A2BTaxiToken
3,adbank,79,195,567,adbank
4,Adblurb,4,0,4,Adblurb
5,AdEx,487,4188,4169,AdEx
6,adshares,91,301,369,adshares
7,AdSigma,25,45,192,AdSigma
8,aeronaero,146,834,776,aeronaero
9,aeternity,735,4592,6483,aeternity
10,agrello,494,4766,7446,agrello
11,aicrypto,37,5,199,aicrypto
12,Airpod_Sleeping_Pod,155,2742,3320,Airpod_Sleeping_Pod
13,AirToken,250,732,1510,AirToken
14,Aitheon,113,127,570,Aitheon
15,Alaxplatform,100,33,474,Alax
16,ALMBank,73,34,743,ALMBank
17,AmbitMining,124,94,1068,AmbitMining
18,AmmbrPlatform,28,34,79,AmmbrPlatform
19,Antshares,949,21398,22162,Antshares
20,apollodae,53,182,1214,apollodae
21,AppcoinsProtocol,276,2839,5253,Appcoins
22,arbitrageCT,47,199,402,arbitrageCT
23,arcona,271,1181,4264,arcona
24,ArkEcosystem,980,12761,38411,ArkEcosystem
25,astronautcapital,153,554,830,astronaut
26,AtlantisBlueProject,45,137,310,AtlantisBlue
27,AtlasPlatform,2,0,3,AtlasPlatform
28,AuctusProject,118,96,454,Auctus
29,AuthenticID,23,14,36,AuthenticID
30,Authoreon,19,21,71,Authoreon
31,avalonplatform,36,30,131,avalonplatform
32,Aventus,204,702,1423,Aventus
33,AXenS,44,35,325,AXenS
34,aXpire,152,697,2102,aXpire
35,axtoken,8,1,12,axtoken
36,Bancor,837,2508,7803,Bancor
37,bankex,315,403,2446,bankex
38,BaobabMarket,2,7,3,Baobab
39,BATProject,941,8697,28079,BasicAttentionToken
40,BeaxyExchange,12,9,72,BeaxyExchange
41,BeefCoin,17,2,17,BeefCoin
42,Beerchain,5,8,69,Beerchain
43,BeyondTheVoidGame,75,9,119,BeyondVoidGame
44,bigtoken,120,43,382,bigtk
45,BilibitBLB,66,19,125,Bilibit
46,binarydotcom,31,27,68,binarydotcom
47,Biotron,116,56,438,Biotron
48,birdchain,176,661,477,birdchain
49,Bitbose,54,24,185,Bitbose
50,bitdegree,243,987,1454,bitdegree
51,BitDiceCasino,114,646,484,BitDice
52,BitEsprit,644,1135,1272,BitEsprit
53,BITEXGlobal,11,3,15,BITEXGlobal
54,BitGuild,182,3146,1710,BitGuild
55,Bitnam,10,6,10,Bitnam
56,Bitquence,215,1133,1296,Bitquence
57,bitrace,83,42,448,bitrace
58,BitRent,117,84,464,BitRent
59,Bitschool,86,61,555,Bitschool
60,Bitxoxo,203,644,958,Bitxoxo
61,BlackMoonCrypto,245,1322,2441,BlackMoonCrypto
62,BlindCoin,1,0,2,Blind
63,blockchainterminal,111,358,377,blockchainterminal
64,blockfreight,4,3,6,blockfreight
65,blocklancer,93,88,388,blocklancer
66,blockmason,188,512,1424,blockmason
67,BlockRX,19,22,76,BlockRX
68,Blocksquare_io,136,443,393,Blocksquare_io
69,blockv,290,1325,3161,blockv
70,blok,50,465,978,blok
71,BlueWhaleFdn,28,75,110,BlueWhale
72,BoatPilot,20,54,72,BoatPilot
73,Bonpay,140,162,355,Bonpay
74,Bowhead,40,94,139,bowheadhealth
75,BrickBlock,366,12078,3192,BrickBlock
76,Budbo,201,164,693,Budbo
77,BullToken,23,37,198,BullToken
78,BunnyToken,97,665,464,BunnyToken
79,BWEX,5,0,9,BWEX
80,CaerusConnections,24,1,70,CaerusConnections
81,CanYaCoin,349,1455,2105,CanYaCoin
82,cappasity,434,1891,4645,cappasity
83,CarVDB,15,6,15,CarVDB
84,CatnipFun,1,0,1,CatnipFun
85,Caviar0x,224,64,440,Caviar0x
86,cbiproject,5,0,7,cbiproject
87,CelsiusNetwork,89,28,269,CelsiusNetwork
88,Centaure,21,864,88,Centaure
89,CGCXofficial,84,1413,3213,CGCXofficial
90,CHER_Ecocity,8,0,8,CHEREcocity
91,chimaera,102,243,695,chimaera
92,ChronoBank,351,282,1738,ChronoBank
93,chronobase,1,0,1,chronobase
94,Cindicator,713,6734,6317,Cindicator
95,civicplatform,918,5245,11516,civicplatform
96,ClearCoin,117,408,511,ClearCoin
97,clearpoll,206,608,1692,clearpoll
98,ClearsConnect,32,17,165,ClearsConnect
99,clinicoin,42,94,205,clinicoin
100,CloudMoolah,27,17,68,CloudMoolah
101,codemail,9,12,16,codemail
102,coinloan,54,40,162,coinloan
103,CoinMetro,275,1548,2503,CoinMetro
104,coinpoker,186,711,544,coinpoker
105,CoinSpark,50,28,201,CoinSpark
106,commerceblock,41,32,151,commerceblock
107,Conciergeio,59,160,644,Conciergeio
108,ConnectJob,82,42,515,ConnectJob
109,CoolCousin,391,3055,6151,CoolCousin
110,creatorai,47,53,298,creatorai
111,CROMhub,5,0,8,CROMhub
112,Crowdholding,153,40,809,Crowdholding
113,CrowdMachine,118,142,1139,CrowdMachine
114,Crowdwiz_io,32,12,106,Crowdwiz
115,Crypt2Pos,31,373,31,Crypt2Pos
116,cryptfunder,519,228,1975,cryptfunder
117,CryptoAngel,11,4,35,crypto-angel
118,Cryptocean,34,27,343,Cryptocean
119,CryptoKami,160,346,858,CryptoKami
120,CryptoPolice,107,383,1013,CryptoPolice
121,CyberTrust,62,23,748,CyberTrust
122,CycloShieldCoin,17,2,51,CycloShieldCoin
123,D_Market,235,880,1537,D_Market
124,DADI,384,1965,2889,DADI
125,DatabrokerDAO,123,478,854,DatabrokerDAO
126,datareum,28,7,41,datareum
127,Datawallet,22,40,82,Datawallet
128,decentraland,684,5522,4450,decentraland
129,deckswap,1,0,1,deckswap
130,DeedCoin,57,63,186,DeedCoin
131,Dentacoin,444,2579,2537,Dentacoin
132,dfstoken,80,96,300,dfstoken
133,DigitexFutures,70,889,401,DigitexFutures
134,DimensionsNetwork,130,628,1099,DimensionsNetwork
135,DiviProject,211,713,1699,DiviProject
136,diwtoken,104,43,587,diwtoken
137,DNNMedia,83,25,379,DNNMedia
138,doc_ai,69,38,248,doc_ai
139,dockio,151,708,1530,dockio
140,Dopameme,3,1,4,Dopameme
141,DoradoICO,32,16,53,DoradoICO
142,DragonDRG,119,208,1509,drgtoken
143,DRCWorld,7,219,101,DRCWorld
144,DropDeck,32,4,118,DropDeck
145,dropil,109,417,969,dropil
146,dwbtoken,34,742,975,dwbtoken
147,EarthToken,61,40,492,EarthToken
148,edenchainio,34,205,320,edenchainio
149,edgeless,259,1398,1667,edgeless
150,EHOTex,43,7,62,EHOTexOfficial
151,eincofficial,40,7,85,EtherInc
152,Elementh,127,137,927,Elementh
153,enigmacatalyst,923,8486,21514,enigmacatalyst
154,enjincoin,929,7994,24341,enjincoin
155,EntryMoney,26,57,101,EntryMoney
156,EQUIcapital,74,14,686,EQUIcapital
157,esportsrewardtoken,7,9,11,Esports.com
158,ethbet,48,172,272,ethbet
159,Ethbits,137,109,357,Ethbits
160,ethereum,395,4043,17986,ethereum
161,ethino,35,52,184,ethino
162,ETHLend,977,6991,11587,ETHLend
163,ethorse,160,961,2250,ethorse
164,Evareium,28,4,40,Evareium
165,Eventum,121,4401,1904,Eventum
166,ExHasta,8,0,13,ExHasta
167,EXMOCoin,30,34,33,EXMOCoin
168,Expercoin,37,9,135,Expercoin
169,ExploreCoin,13,2,22,ExploreCoin
170,EXSCUDO,154,225,549,EXSCUDO
171,ExsulCoin,7,1,11,ExsulCoin
172,FarmaTrust,46,132,269,FarmaTrust
173,FCFLio,95,48,1093,FCFLio
174,FintruX,100,96,1061,FintruX
175,Flixxo,208,699,2415,Flixxo
176,FluzFluzGlobal,95,112,576,FluzFluzGlobal
177,FortKnoxster,94,90,1237,FortKnoxster
178,FortySevenBank,155,13,206,FortySevenBank
179,FriendzICO,55,71,156,Friendz
180,gainmers,3,0,3,gainmers
181,Galaxis,2,1,3,Galaxis
182,Gamblica,24,6,24,Gamblica
183,GameXCommunity,27,29,107,GameX
184,GATCOIN,60,230,339,GATCOIN
185,GeensNPO,19,485,105,GeensNPO
186,GenevieveVC,16,0,26,GenevieveVC
187,getBABB,414,3035,4703,getBABB
188,GETprotocol,217,741,3080,GETprotocol
189,getwala,14,6,49,getwala
190,Gizer,144,165,796,Gizer
191,GladAgeOfficial,13,15,73,GladAge
192,Gledos,82,467,379,Gledos
193,GoldMineToken,5,2,5,GoldMineCoin
194,goldmintio,135,175,341,goldmintio
195,GolemProject,942,8045,20491,GolemProject
196,goodworkico,88,540,248,goodworkico
197,Graft,487,3205,2238,Graft
198,Greeneum,12,4,26,Greeneum
199,HAZZAnetwork,12,1,17,HAZZAnetwork
200,HDAC,96,92,748,HDAC
201,hdcoin,8,1,14,hdcoin
202,HedgeToken,148,635,538,HedgeToken
203,Helbiz,80,122,382,Helbiz
204,HelloGold,163,674,864,HelloGold
205,HEROcoin,143,450,1033,HEROcoin
206,HeroToken,83,56,419,HeroToken
207,Hicky,69,2,86,Hicky
208,HiveProject_net,349,952,3210,HiveProject_net
209,Hold_Me,20,6,147,Hold_Me
210,HopeToken,3,0,3,HopeToken
211,HOQU,394,2495,4120,HOQU
212,HorizonState,357,1784,5840,HorizonState
213,HotNow,6,1,16,HoToKeN
214,Howdoo,27,17,153,Howdoo
215,HYCON,34,172,108,HYCON
216,iagon,383,784,1115,iagon
217,icebreakerar,8,8,33,icebreakerar
218,iconiqlab,513,730,2937,iconiqlab
219,iexec,738,3164,12377,iEx.ec
220,imusify,29,39,185,imusify
221,indaHash,140,545,548,indaHash
222,indorse,163,85,907,indorse
223,InkLabsFoundation,35,28,94,InkLabsFound
224,INS_Ecosystem,329,1318,1929,INS_Ecosystem
225,IntellisysCapital,14,0,23,intellisys_llc
226,InvictusCapital,34,94,164,InvictusCapital
227,InvoxFinance,172,472,1493,InvoxFinance
228,IPGold,31,42,118,IP.Gold
229,IPSX,63,82,882,IPExchange
230,javvy,38,15,59,javvy
231,JibrelNetwork,304,2056,3548,JibrelNetwork
232,jizzcoins,30,6,32,jizzcoins
233,karbonapp,98,281,1618,karbon
234,KickCity,55,15,305,KickCity
235,KingsDS,15,32,22,KingsDS
236,koranetwork,394,3402,8051,koranetwork
237,koronacoin,439,3531,4793,koronacoin
238,KR8OSproject,7,0,7,KR8OSproject
239,LakeBanker,3,9,9,LakeBanker
240,lambda_network,1,0,3,lambda_network
241,lamden,304,2521,4874,lamden
242,Lampix,120,236,676,Lampix
243,leadcoin,202,2081,198,leadcoin
244,Lendingblock,76,52,341,Lendingblock
245,Lendoit,18,4,68,Lendoit
246,Leverj,75,102,353,Leverj
247,LibertyLance,5,4,17,LibertyLance
248,Libriumtoken,6,1,15,Libriumtoken
249,LiveStarsPlatform,86,73,171,LiveStars
250,Localcoinswap,54,80,240,Localcoinswap
251,lookrev,18,8,39,lookrev
252,LOOMIA,69,69,793,LOOMIA
253,lovetokencrypto,27,11,35,lovetokencrypto
254,Loyakk,25,10,76,Loyakk
255,luckbox,24,12,229,luckbox
256,LuckchemyTeam,63,659,1075,Luckchemy
257,LuckyToken,8,521,67,LuckyToken
258,lunyr,391,1301,2599,lunyr
259,lustagency,5,4,15,lustagency
260,LYMPO,384,568,2669,LYMPO
261,madnetwork,64,9,451,madnetwork
262,MarginlessNetwork,147,347,1362,Marginless
263,markspace,49,156,204,markspace.io
264,massnetwork,3,3,4,massnetwork
265,MedCredits,22,14,104,MedCredits
266,Menuva,9,10,29,Menuva
267,Merculet,872,2263,7369,Merculet
268,metatip,2,1,6,metatip
269,mexc,12,50,12,mexc
270,mgfsconsultmayuya,29,0,29,Mayuyacoin
271,mineredge,48,7,71,mineredge
272,Moirai_ICO,7,23,45,Moirai
273,MonedaMND,12,19,100,Moneda
274,Monetha,322,1072,2532,Monetha
275,monkeycapital,112,249,172,monkeycapital
276,MorpheusNetwork,206,1508,6335,themorpheusnetwork
277,MosaicNetwork,92,223,711,MosaicNetwork
278,moxyone,84,35,268,moxyone
279,MyOddz,20,6,96,MyOddz
280,neblio,911,8881,13446,neblio
281,networkunits,87,2,123,networkunits
282,neufund,103,130,406,neufund
283,Neurogress,25,58,111,Neurogress
284,Neuromation,253,670,1394,Neuromation
285,NextPakk,45,1,93,NextPakk
286,nexus_social,101,170,253,nexus_social
287,Nimiq,698,4723,5221,Nimiq
288,NitroToken,42,33,108,NitroToken
289,ODEM,50,35,233,ODEM
290,OfficialGoChain,175,117,1794,GoChain
291,OfficialTIPbot,33,23,305,OfficialTIPbot
292,omise_go,630,32596,38188,omise_go
293,onlivetv,21,4,395,On.Live
294,OpenANX,188,414,911,OpenANX
295,OpenCollectorsNetwork,86,700,531,OpenCollectorsNetwork
296,openZen,10,0,11,openZen
297,ORCA_Alliance,137,162,1152,ORCA_Alliance
298,OrigamiNetwork,64,51,314,OrigamiNetwork
299,origintrail,623,5819,18522,origintrail
300,OtcritPlatform,49,77,390,OtcritPlatform
301,p2psf,128,107,966,p2psf
302,Pally,21,25,34,Pally
304,parsecfrontiers,62,81,328,parsecfrontiers
305,Pavocoin,48,169,98,Pavocoin
306,PayPie,115,235,590,PayPie
307,Pibbleio,4,5,10,Pibbleio
308,PikcioChain,40,54,168,PikcioChain
309,PillarProject,222,789,1017,PillarProject
310,Plaak,24,8,60,Plaak
311,Playkey,236,341,886,Playkey
312,PlazaSystems,116,123,1141,PlazaSystems
313,pokersports,35,76,92,pokersports
314,Popultrade,29,2,67,Popultrade
315,Povrproject,24,4,22,Povrproject
316,PreVUEBlockchain,7,6,13,PreVUE
317,profede,137,1330,906,profede
318,projectaiur,20,7,149,aiur
319,ProjectDistricts,33,57,99,Districts
320,PROPSProject,36,12,108,PROPSProject
321,protostarr,5,0,9,protostarr
322,providence_casino,11,0,25,providence_casino
323,publicaio,315,697,4303,publicaio
324,PumaPay,161,737,1025,PumaPay
325,PureAirIndustries,3,1,3,PureAirIndustries
326,Quantor,36,7,61,Quantor
327,quantum1net,66,169,340,quantum1net
328,Quarteria,15,8,43,Quarteria
329,QuickBetCoin,3,9,6,QuickBetCoin
330,quixxi,20,38,184,quixxi
331,R_Block,84,32,398,R_Block
332,RadioYo,161,7,170,RadioYo
333,raidennetwork,747,6004,11273,raidennetwork
334,ravelous,366,327,677,ravelous
335,RebelliousCoin,976,316,1224,RebelliousCoin
336,REcoin,41,525,316,REcoin
337,redBUX,14,62,67,redBUX
338,Redemption_ICO,11,8,11,Redemption
339,RedPulseToken,951,9506,12534,redpulsechina
340,refereum,313,2056,2292,refereum
341,RefToken,57,204,177,RefToken
342,remme,242,781,1721,remme
343,Renderpayment,38,119,53,Renderpayment
344,Rentberry,55,1007,442,Rentberry
345,RequestNetwork,986,21509,65009,RequestNetwork
346,RestartEnergy,234,884,19973,RestartEnergy
347,RewardsToken,128,1153,2748,RewardsToken
348,SAAVgames,8,0,8,SAAVgames
349,safead,8,18,11,safead
350,salarium,51,57,224,salariumpayroll
351,Sandblock_io,17,31,119,Sandblock_io
352,sapien,119,64,486,sapien
353,SaturnNetwork,28,6,70,rados
354,savedroid_ico,135,320,644,savedroid
355,ScamConnect,3,0,3,ScamConnect
356,scrinium,67,21,93,scrinium
357,sensetoken,26,19,89,sensetoken
358,Sentinel_Protocol,42,78,600,Sentinel_Protocol
359,servusit,3,0,8,servusit
360,Set4Earth,4,8,21,Set4Earth
361,SharpeCapital,68,22,767,SharpeCapital
362,Shop_,24,8,241,Shopin
363,ShpingCoin,62,48,196,ShpingApp
364,SignalsNetwork,190,2234,1693,SignalsNetwork
365,SilentNotary,57,47,188,SilentNotary
366,sixnetwork,80,465,99,sixnetwork
367,SKRAPSio,47,154,159,SKRAPS
368,Skyllz,35,1,357,Skyllz
369,SmartCityICO,1,0,1,SmartCity
370,SmartContainers,106,175,1456,SmartContainers
371,SmartIFT,17,30,60,SmartIFT
372,SmartOne,8,0,11,SmartOne
373,solvecare,154,344,327,solvecare
374,sp8de,171,1113,556,sp8de
375,SpankChain,335,1705,4259,SpankChain
376,SpartaStartups,10,34,213,SpartaStartups
377,Spectre_ai,212,508,1141,Spectre
378,spheresocial,113,243,468,Sphere Social
379,spheris,22,4,59,spheris
380,Spotcoin,269,1907,12221,Spotcoin
381,Statercoin,11,1,30,Statercoin
382,STKToken,191,738,1295,STKToken
383,stopthefakes,50,56,901,stopthefakes
384,storj,923,7262,6131,storj
385,stormtoken,375,2033,2011,stormtoken
386,STOX,206,675,2624,STOX
387,Stoxum,33,244,369,Stoxum
388,streamspace,70,59,295,streamspace
389,suncontract,267,1166,3646,suncontract
390,synapseai,102,528,1820,synapse
391,SynapseMarket,2,1,6,SynapseMarket
392,teamHODL,2,0,5,teamHODL
393,tendswiss,14,1,36,tendswiss
394,TenX,554,9600,9015,TenX
395,theabyssplatform,96,29,179,theabyss
396,TheAcornCollective,413,518,2232,TheAcornCollectiveICO
397,TheAgoraMarketplace,3,11,5,TheAgora
398,TheForgeNetwork,6,10,14,TheForgeNetwork
399,ThePonderApp,27,8,89,ThePonderApp
400,thestayawhile,22,25,134,thestayawhile
401,TheVivaNetwork,6,7,23,TheVivaNetwork
402,thinkcoin,380,9077,8942,thinkcoin
403,tierion,329,1716,1994,tierion
404,tiesnetwork,90,186,326,tiesnetwork
405,tokenbox,106,20,116,tokenbox
406,tokenstars,105,95,622,tokenstars
407,TOKIA,14,50,58,TOKIA
408,topiacoin,71,6,209,topiacoin
409,TowerBee,40,24,420,TowerBee
410,traxia,42,57,180,traxia
411,TraXion,344,1213,1048,TraXion
412,TrenditStudios,26,162,151,TrenditStudios
413,treon,423,4790,8284,treon
414,Triggmine,8,3,11,Triggmine
415,truprotocol,12,10,42,truprotocol
416,TrustedHealth,101,1113,128,TrustedHealth
417,Tutellus,49,22,142,Tutellus
418,tvtwocom,35,331,256,tvtwocom
419,UberPro,9,1,17,UberPro
420,ucash,94,814,791,u.cash
421,Unibright,106,132,506,Unibright
422,UNICORNGO,99,207,133,UNICORNGO
423,Unilot,47,146,116,Unilot
424,UpToken,41,137,128,UpToken
425,Utrumdotio,464,5340,5513,Utrumdotio
426,valid_global,72,63,411,valid_global
427,VaultBank,42,325,46,VaultBank
428,vctoken,52,152,234,vctoken
429,VectorCrypto,5,32,30,vectorexchange
430,VelixID,600,5957,7597,VelixID
431,ventureOn,104,7,171,VNN
432,verasity,154,617,762,verasity
433,verifyas,256,1977,4672,verifyas
434,VibeHub,416,3313,2993,VibeHub
435,VideoCoin,39,43,154,VideoCoin
436,ViolaAI,105,17,174,ViolaAI
437,VioToken,15,12,32,Vio.Token
438,Virtonomics,124,93,180,Virtonomics
439,Viuly,122,282,395,Viuly
440,Vuulr,25,3,42,Vuulr
441,Wagerr,428,2841,2946,Wagerr
442,WAXtoken,89,501,661,WAXtoken
443,WePowerNetwork,347,1067,3259,WePowerNetwork
444,Whalesburg,37,40,273,Whalesburg
445,WikiToken,27,149,121,WikiToken
446,windingtree,158,673,932,windingtree
447,WingsDAO,247,548,950,daoact
448,wizzle,25,15,82,wizzle
449,xAthena,2,4,5,xAthena
450,xchangerate,189,4156,3073,xchangerate
451,XYONetwork,172,1378,1329,XYONetwork
452,youtoken,107,822,692,youtoken
453,ZaberCoin,31,17,144,ZaberCoin
454,ZeCashOfficial,231,4195,4575,ZeCash
455,ZeroCarbonProject,50,9,431,ZeroCarbonProject
456,zetochain,76,301,733,zetochain
457,Zichain,82,50,221,Zichain
458,ZILLAtoken,40,41,269,ZILLAtoken
